image_path,label
class00/image_0001.jpg,class00
class00/image_0004.jpg,class00
class00/image_0005.jpg,class00
class00/image_0003.jpg,class00
class00/image_0002.jpg,class00
class00/image_0010.jpg,class00
class00/image_0011.jpg,class00
class00/image_0006.jpg,class00
class00/image_0008.jpg,class00
class00/image_0009.jpg,class00
class00/image_0007.jpg,class00
class00/image_0012.jpg,class00
class00/image_0013.jpg,class00
class00/image_0015.jpg,class00
class00/image_0014.jpg,class00
class00/image_0020.jpg,class00
class00/image_0018.jpg,class00
class00/image_0019.jpg,class00
class00/image_0016.jpg,class00
class00/image_0017.jpg,class00
class00/image_0021.jpg,class00
class00/image_0024.jpg,class00
class00/image_0026.jpg,class00
class00/image_0027.jpg,class00
class00/image_0025.jpg,class00
class00/image_0022.jpg,class00
class00/image_0023.jpg,class00
class00/image_0030.jpg,class00
class00/image_0029.jpg,class00
class00/image_0032.jpg,class00
class00/image_0028.jpg,class00
class00/image_0033.jpg,class00
class00/image_0031.jpg,class00
class00/image_0036.jpg,class00
class00/image_0037.jpg,class00
class00/image_0038.jpg,class00
class00/image_0035.jpg,class00
class00/image_0034.jpg,class00
class00/image_0042.jpg,class00
class00/image_0041.jpg,class00
class00/image_0040.jpg,class00
class00/image_0043.jpg,class00
class00/image_0039.jpg,class00
class00/image_0045.jpg,class00
class00/image_0047.jpg,class00
class00/image_0044.jpg,class00
class00/image_0048.jpg,class00
class00/image_0046.jpg,class00
class00/image_0051.jpg,class00
class00/image_0050.jpg,class00
class00/image_0053.jpg,class00
class00/image_0049.jpg,class00
class00/image_0052.jpg,class00
class00/image_0055.jpg,class00
class00/image_0056.jpg,class00
class00/image_0058.jpg,class00
class00/image_0057.jpg,class00
class00/image_0061.jpg,class00
class00/image_0063.jpg,class00
class00/image_0059.jpg,class00
class00/image_0064.jpg,class00
class00/image_0060.jpg,class00
class00/image_0062.jpg,class00
class00/image_0067.jpg,class00
class00/image_0066.jpg,class00
class00/image_0068.jpg,class00
class00/image_0069.jpg,class00
class00/image_0065.jpg,class00
class00/image_0071.jpg,class00
class00/image_0072.jpg,class00
class00/image_0074.jpg,class00
class00/image_0070.jpg,class00
class00/image_0073.jpg,class00
class00/image_0076.jpg,class00
class00/image_0079.jpg,class00
class00/image_0077.jpg,class00
class00/image_0078.jpg,class00
class00/image_0075.jpg,class00
class00/image_0080.jpg,class00
class00/image_0054.jpg,class00
class01/image_0082.jpg,class01
class01/image_0084.jpg,class01
class01/image_0083.jpg,class01
class01/image_0081.jpg,class01
class01/image_0087.jpg,class01
class01/image_0086.jpg,class01
class01/image_0085.jpg,class01
class01/image_0089.jpg,class01
class01/image_0088.jpg,class01
class01/image_0092.jpg,class01
class01/image_0095.jpg,class01
class01/image_0093.jpg,class01
class01/image_0090.jpg,class01
class01/image_0094.jpg,class01
class01/image_0091.jpg,class01
class01/image_0100.jpg,class01
class01/image_0098.jpg,class01
class01/image_0099.jpg,class01
class01/image_0097.jpg,class01
class01/image_0096.jpg,class01
class01/image_0102.jpg,class01
class01/image_0105.jpg,class01
class01/image_0104.jpg,class01
class01/image_0103.jpg,class01
class01/image_0101.jpg,class01
class01/image_0106.jpg,class01
class01/image_0107.jpg,class01
class01/image_0108.jpg,class01
class01/image_0110.jpg,class01
class01/image_0111.jpg,class01
class01/image_0109.jpg,class01
class01/image_0113.jpg,class01
class01/image_0112.jpg,class01
class01/image_0115.jpg,class01
class01/image_0114.jpg,class01
class01/image_0120.jpg,class01
class01/image_0116.jpg,class01
class01/image_0118.jpg,class01
class01/image_0119.jpg,class01
class01/image_0117.jpg,class01
class01/image_0124.jpg,class01
class01/image_0122.jpg,class01
class01/image_0123.jpg,class01
class01/image_0121.jpg,class01
class01/image_0126.jpg,class01
class01/image_0125.jpg,class01
class01/image_0127.jpg,class01
class01/image_0128.jpg,class01
class01/image_0131.jpg,class01
class01/image_0129.jpg,class01
class01/image_0130.jpg,class01
class01/image_0132.jpg,class01
class01/image_0136.jpg,class01
class01/image_0135.jpg,class01
class01/image_0133.jpg,class01
class01/image_0134.jpg,class01
class01/image_0137.jpg,class01
class01/image_0139.jpg,class01
class01/image_0141.jpg,class01
class01/image_0138.jpg,class01
class01/image_0140.jpg,class01
class01/image_0144.jpg,class01
class01/image_0147.jpg,class01
class01/image_0146.jpg,class01
class01/image_0143.jpg,class01
class01/image_0142.jpg,class01
class01/image_0145.jpg,class01
class01/image_0148.jpg,class01
class01/image_0150.jpg,class01
class01/image_0151.jpg,class01
class01/image_0152.jpg,class01
class01/image_0149.jpg,class01
class01/image_0155.jpg,class01
class01/image_0153.jpg,class01
class01/image_0154.jpg,class01
class01/image_0156.jpg,class01
class01/image_0157.jpg,class01
class01/image_0158.jpg,class01
class01/image_0159.jpg,class01
class01/image_0160.jpg,class01
class02/image_0161.jpg,class02
class02/image_0162.jpg,class02
class02/image_0163.jpg,class02
class02/image_0164.jpg,class02
class02/image_0168.jpg,class02
class02/image_0166.jpg,class02
class02/image_0167.jpg,class02
class02/image_0165.jpg,class02
class02/image_0171.jpg,class02
class02/image_0170.jpg,class02
class02/image_0173.jpg,class02
class02/image_0169.jpg,class02
class02/image_0172.jpg,class02
class02/image_0176.jpg,class02
class02/image_0175.jpg,class02
class02/image_0178.jpg,class02
class02/image_0174.jpg,class02
class02/image_0177.jpg,class02
class02/image_0181.jpg,class02
class02/image_0183.jpg,class02
class02/image_0179.jpg,class02
class02/image_0180.jpg,class02
class02/image_0182.jpg,class02
class02/image_0188.jpg,class02
class02/image_0187.jpg,class02
class02/image_0184.jpg,class02
class02/image_0186.jpg,class02
class02/image_0185.jpg,class02
class02/image_0191.jpg,class02
class02/image_0190.jpg,class02
class02/image_0189.jpg,class02
class02/image_0193.jpg,class02
class02/image_0192.jpg,class02
class02/image_0197.jpg,class02
class02/image_0198.jpg,class02
class02/image_0194.jpg,class02
class02/image_0196.jpg,class02
class02/image_0195.jpg,class02
class02/image_0201.jpg,class02
class02/image_0200.jpg,class02
class02/image_0203.jpg,class02
class02/image_0199.jpg,class02
class02/image_0202.jpg,class02
class02/image_0206.jpg,class02
class02/image_0208.jpg,class02
class02/image_0204.jpg,class02
class02/image_0207.jpg,class02
class02/image_0205.jpg,class02
class02/image_0214.jpg,class02
class02/image_0209.jpg,class02
class02/image_0211.jpg,class02
class02/image_0212.jpg,class02
class02/image_0210.jpg,class02
class02/image_0213.jpg,class02
class02/image_0216.jpg,class02
class02/image_0219.jpg,class02
class02/image_0217.jpg,class02
class02/image_0215.jpg,class02
class02/image_0218.jpg,class02
class02/image_0223.jpg,class02
class02/image_0222.jpg,class02
class02/image_0220.jpg,class02
class02/image_0224.jpg,class02
class02/image_0221.jpg,class02
class02/image_0225.jpg,class02
class02/image_0228.jpg,class02
class02/image_0227.jpg,class02
class02/image_0226.jpg,class02
class02/image_0230.jpg,class02
class02/image_0229.jpg,class02
class02/image_0233.jpg,class02
class02/image_0235.jpg,class02
class02/image_0234.jpg,class02
class02/image_0231.jpg,class02
class02/image_0232.jpg,class02
class02/image_0240.jpg,class02
class02/image_0238.jpg,class02
class02/image_0237.jpg,class02
class02/image_0236.jpg,class02
class02/image_0239.jpg,class02
class03/image_0245.jpg,class03
class03/image_0242.jpg,class03
class03/image_0241.jpg,class03
class03/image_0243.jpg,class03
class03/image_0244.jpg,class03
class03/image_0246.jpg,class03
class03/image_0250.jpg,class03
class03/image_0247.jpg,class03
class03/image_0249.jpg,class03
class03/image_0248.jpg,class03
class03/image_0251.jpg,class03
class03/image_0254.jpg,class03
class03/image_0256.jpg,class03
class03/image_0252.jpg,class03
class03/image_0255.jpg,class03
class03/image_0253.jpg,class03
class03/image_0262.jpg,class03
class03/image_0261.jpg,class03
class03/image_0260.jpg,class03
class03/image_0258.jpg,class03
class03/image_0257.jpg,class03
class03/image_0259.jpg,class03
class03/image_0264.jpg,class03
class03/image_0267.jpg,class03
class03/image_0263.jpg,class03
class03/image_0266.jpg,class03
class03/image_0265.jpg,class03
class03/image_0270.jpg,class03
class03/image_0268.jpg,class03
class03/image_0271.jpg,class03
class03/image_0269.jpg,class03
class03/image_0277.jpg,class03
class03/image_0274.jpg,class03
class03/image_0276.jpg,class03
class03/image_0272.jpg,class03
class03/image_0275.jpg,class03
class03/image_0273.jpg,class03
class03/image_0280.jpg,class03
class03/image_0279.jpg,class03
class03/image_0281.jpg,class03
class03/image_0278.jpg,class03
class03/image_0282.jpg,class03
class03/image_0285.jpg,class03
class03/image_0283.jpg,class03
class03/image_0286.jpg,class03
class03/image_0284.jpg,class03
class03/image_0287.jpg,class03
class03/image_0290.jpg,class03
class03/image_0289.jpg,class03
class03/image_0288.jpg,class03
class03/image_0291.jpg,class03
class03/image_0292.jpg,class03
class03/image_0294.jpg,class03
class03/image_0296.jpg,class03
class03/image_0295.jpg,class03
class03/image_0293.jpg,class03
class03/image_0301.jpg,class03
class03/image_0297.jpg,class03
class03/image_0300.jpg,class03
class03/image_0298.jpg,class03
class03/image_0299.jpg,class03
class03/image_0302.jpg,class03
class03/image_0306.jpg,class03
class03/image_0303.jpg,class03
class03/image_0304.jpg,class03
class03/image_0305.jpg,class03
class03/image_0307.jpg,class03
class03/image_0311.jpg,class03
class03/image_0308.jpg,class03
class03/image_0310.jpg,class03
class03/image_0309.jpg,class03
class03/image_0315.jpg,class03
class03/image_0316.jpg,class03
class03/image_0312.jpg,class03
class03/image_0314.jpg,class03
class03/image_0313.jpg,class03
class03/image_0318.jpg,class03
class03/image_0317.jpg,class03
class03/image_0320.jpg,class03
class03/image_0319.jpg,class03
class04/image_0321.jpg,class04
class04/image_0325.jpg,class04
class04/image_0326.jpg,class04
class04/image_0323.jpg,class04
class04/image_0327.jpg,class04
class04/image_0322.jpg,class04
class04/image_0324.jpg,class04
class04/image_0329.jpg,class04
class04/image_0331.jpg,class04
class04/image_0333.jpg,class04
class04/image_0328.jpg,class04
class04/image_0330.jpg,class04
class04/image_0332.jpg,class04
class04/image_0337.jpg,class04
class04/image_0336.jpg,class04
class04/image_0334.jpg,class04
class04/image_0338.jpg,class04
class04/image_0335.jpg,class04
class04/image_0344.jpg,class04
class04/image_0343.jpg,class04
class04/image_0339.jpg,class04
class04/image_0342.jpg,class04
class04/image_0340.jpg,class04
class04/image_0341.jpg,class04
class04/image_0346.jpg,class04
class04/image_0349.jpg,class04
class04/image_0348.jpg,class04
class04/image_0345.jpg,class04
class04/image_0347.jpg,class04
class04/image_0353.jpg,class04
class04/image_0354.jpg,class04
class04/image_0350.jpg,class04
class04/image_0352.jpg,class04
class04/image_0351.jpg,class04
class04/image_0357.jpg,class04
class04/image_0358.jpg,class04
class04/image_0356.jpg,class04
class04/image_0355.jpg,class04
class04/image_0360.jpg,class04
class04/image_0359.jpg,class04
class04/image_0364.jpg,class04
class04/image_0361.jpg,class04
class04/image_0362.jpg,class04
class04/image_0363.jpg,class04
class04/image_0369.jpg,class04
class04/image_0368.jpg,class04
class04/image_0367.jpg,class04
class04/image_0366.jpg,class04
class04/image_0365.jpg,class04
class04/image_0371.jpg,class04
class04/image_0372.jpg,class04
class04/image_0370.jpg,class04
class04/image_0373.jpg,class04
class04/image_0374.jpg,class04
class04/image_0377.jpg,class04
class04/image_0378.jpg,class04
class04/image_0376.jpg,class04
class04/image_0375.jpg,class04
class04/image_0383.jpg,class04
class04/image_0379.jpg,class04
class04/image_0381.jpg,class04
class04/image_0382.jpg,class04
class04/image_0380.jpg,class04
class04/image_0388.jpg,class04
class04/image_0386.jpg,class04
class04/image_0387.jpg,class04
class04/image_0385.jpg,class04
class04/image_0384.jpg,class04
class04/image_0391.jpg,class04
class04/image_0390.jpg,class04
class04/image_0389.jpg,class04
class04/image_0392.jpg,class04
class04/image_0394.jpg,class04
class04/image_0393.jpg,class04
class04/image_0397.jpg,class04
class04/image_0395.jpg,class04
class04/image_0396.jpg,class04
class04/image_0398.jpg,class04
class04/image_0399.jpg,class04
class04/image_0400.jpg,class04
class05/image_0401.jpg,class05
class05/image_0402.jpg,class05
class05/image_0403.jpg,class05
class05/image_0405.jpg,class05
class05/image_0404.jpg,class05
class05/image_0406.jpg,class05
class05/image_0407.jpg,class05
class05/image_0413.jpg,class05
class05/image_0409.jpg,class05
class05/image_0410.jpg,class05
class05/image_0408.jpg,class05
class05/image_0411.jpg,class05
class05/image_0412.jpg,class05
class05/image_0414.jpg,class05
class05/image_0416.jpg,class05
class05/image_0420.jpg,class05
class05/image_0417.jpg,class05
class05/image_0419.jpg,class05
class05/image_0418.jpg,class05
class05/image_0415.jpg,class05
class05/image_0424.jpg,class05
class05/image_0421.jpg,class05
class05/image_0426.jpg,class05
class05/image_0422.jpg,class05
class05/image_0425.jpg,class05
class05/image_0423.jpg,class05
class05/image_0433.jpg,class05
class05/image_0430.jpg,class05
class05/image_0432.jpg,class05
class05/image_0427.jpg,class05
class05/image_0429.jpg,class05
class05/image_0431.jpg,class05
class05/image_0437.jpg,class05
class05/image_0438.jpg,class05
class05/image_0439.jpg,class05
class05/image_0434.jpg,class05
class05/image_0436.jpg,class05
class05/image_0443.jpg,class05
class05/image_0441.jpg,class05
class05/image_0444.jpg,class05
class05/image_0445.jpg,class05
class05/image_0442.jpg,class05
class05/image_0448.jpg,class05
class05/image_0451.jpg,class05
class05/image_0450.jpg,class05
class05/image_0449.jpg,class05
class05/image_0446.jpg,class05
class05/image_0447.jpg,class05
class05/image_0452.jpg,class05
class05/image_0455.jpg,class05
class05/image_0456.jpg,class05
class05/image_0454.jpg,class05
class05/image_0453.jpg,class05
class05/image_0462.jpg,class05
class05/image_0459.jpg,class05
class05/image_0458.jpg,class05
class05/image_0457.jpg,class05
class05/image_0461.jpg,class05
class05/image_0460.jpg,class05
class05/image_0468.jpg,class05
class05/image_0464.jpg,class05
class05/image_0466.jpg,class05
class05/image_0463.jpg,class05
class05/image_0467.jpg,class05
class05/image_0465.jpg,class05
class05/image_0469.jpg,class05
class05/image_0475.jpg,class05
class05/image_0473.jpg,class05
class05/image_0470.jpg,class05
class05/image_0471.jpg,class05
class05/image_0472.jpg,class05
class05/image_0474.jpg,class05
class05/image_0478.jpg,class05
class05/image_0479.jpg,class05
class05/image_0480.jpg,class05
class05/image_0477.jpg,class05
class05/image_0476.jpg,class05
class05/image_0440.jpg,class05
class05/image_0428.jpg,class05
class05/image_0435.jpg,class05
class06/image_0481.jpg,class06
class06/image_0484.jpg,class06
class06/image_0482.jpg,class06
class06/image_0485.jpg,class06
class06/image_0486.jpg,class06
class06/image_0483.jpg,class06
class06/image_0490.jpg,class06
class06/image_0489.jpg,class06
class06/image_0488.jpg,class06
class06/image_0491.jpg,class06
class06/image_0487.jpg,class06
class06/image_0494.jpg,class06
class06/image_0497.jpg,class06
class06/image_0496.jpg,class06
class06/image_0493.jpg,class06
class06/image_0495.jpg,class06
class06/image_0492.jpg,class06
class06/image_0502.jpg,class06
class06/image_0498.jpg,class06
class06/image_0503.jpg,class06
class06/image_0501.jpg,class06
class06/image_0500.jpg,class06
class06/image_0499.jpg,class06
class06/image_0507.jpg,class06
class06/image_0505.jpg,class06
class06/image_0508.jpg,class06
class06/image_0506.jpg,class06
class06/image_0504.jpg,class06
class06/image_0513.jpg,class06
class06/image_0512.jpg,class06
class06/image_0511.jpg,class06
class06/image_0509.jpg,class06
class06/image_0510.jpg,class06
class06/image_0515.jpg,class06
class06/image_0517.jpg,class06
class06/image_0516.jpg,class06
class06/image_0518.jpg,class06
class06/image_0514.jpg,class06
class06/image_0522.jpg,class06
class06/image_0519.jpg,class06
class06/image_0520.jpg,class06
class06/image_0521.jpg,class06
class06/image_0523.jpg,class06
class06/image_0525.jpg,class06
class06/image_0527.jpg,class06
class06/image_0524.jpg,class06
class06/image_0526.jpg,class06
class06/image_0532.jpg,class06
class06/image_0531.jpg,class06
class06/image_0528.jpg,class06
class06/image_0530.jpg,class06
class06/image_0529.jpg,class06
class06/image_0537.jpg,class06
class06/image_0533.jpg,class06
class06/image_0536.jpg,class06
class06/image_0534.jpg,class06
class06/image_0535.jpg,class06
class06/image_0540.jpg,class06
class06/image_0542.jpg,class06
class06/image_0538.jpg,class06
class06/image_0541.jpg,class06
class06/image_0539.jpg,class06
class06/image_0546.jpg,class06
class06/image_0544.jpg,class06
class06/image_0543.jpg,class06
class06/image_0545.jpg,class06
class06/image_0547.jpg,class06
class06/image_0550.jpg,class06
class06/image_0549.jpg,class06
class06/image_0551.jpg,class06
class06/image_0548.jpg,class06
class06/image_0554.jpg,class06
class06/image_0555.jpg,class06
class06/image_0553.jpg,class06
class06/image_0556.jpg,class06
class06/image_0552.jpg,class06
class06/image_0557.jpg,class06
class06/image_0558.jpg,class06
class06/image_0559.jpg,class06
class06/image_0560.jpg,class06
class07/image_0562.jpg,class07
class07/image_0561.jpg,class07
class07/image_0567.jpg,class07
class07/image_0565.jpg,class07
class07/image_0564.jpg,class07
class07/image_0563.jpg,class07
class07/image_0566.jpg,class07
class07/image_0573.jpg,class07
class07/image_0569.jpg,class07
class07/image_0570.jpg,class07
class07/image_0568.jpg,class07
class07/image_0572.jpg,class07
class07/image_0571.jpg,class07
class07/image_0577.jpg,class07
class07/image_0575.jpg,class07
class07/image_0576.jpg,class07
class07/image_0574.jpg,class07
class07/image_0578.jpg,class07
class07/image_0583.jpg,class07
class07/image_0581.jpg,class07
class07/image_0580.jpg,class07
class07/image_0579.jpg,class07
class07/image_0582.jpg,class07
class07/image_0584.jpg,class07
class07/image_0589.jpg,class07
class07/image_0587.jpg,class07
class07/image_0588.jpg,class07
class07/image_0586.jpg,class07
class07/image_0585.jpg,class07
class07/image_0590.jpg,class07
class07/image_0593.jpg,class07
class07/image_0592.jpg,class07
class07/image_0594.jpg,class07
class07/image_0591.jpg,class07
class07/image_0599.jpg,class07
class07/image_0598.jpg,class07
class07/image_0595.jpg,class07
class07/image_0596.jpg,class07
class07/image_0597.jpg,class07
class07/image_0602.jpg,class07
class07/image_0603.jpg,class07
class07/image_0604.jpg,class07
class07/image_0601.jpg,class07
class07/image_0600.jpg,class07
class07/image_0607.jpg,class07
class07/image_0606.jpg,class07
class07/image_0608.jpg,class07
class07/image_0605.jpg,class07
class07/image_0609.jpg,class07
class07/image_0614.jpg,class07
class07/image_0613.jpg,class07
class07/image_0612.jpg,class07
class07/image_0611.jpg,class07
class07/image_0610.jpg,class07
class07/image_0615.jpg,class07
class07/image_0617.jpg,class07
class07/image_0619.jpg,class07
class07/image_0616.jpg,class07
class07/image_0618.jpg,class07
class07/image_0621.jpg,class07
class07/image_0622.jpg,class07
class07/image_0623.jpg,class07
class07/image_0620.jpg,class07
class07/image_0624.jpg,class07
class07/image_0627.jpg,class07
class07/image_0628.jpg,class07
class07/image_0625.jpg,class07
class07/image_0626.jpg,class07
class07/image_0632.jpg,class07
class07/image_0630.jpg,class07
class07/image_0633.jpg,class07
class07/image_0631.jpg,class07
class07/image_0629.jpg,class07
class07/image_0635.jpg,class07
class07/image_0637.jpg,class07
class07/image_0634.jpg,class07
class07/image_0636.jpg,class07
class07/image_0638.jpg,class07
class07/image_0639.jpg,class07
class07/image_0640.jpg,class07
class08/image_0641.jpg,class08
class08/image_0642.jpg,class08
class08/image_0644.jpg,class08
class08/image_0647.jpg,class08
class08/image_0646.jpg,class08
class08/image_0645.jpg,class08
class08/image_0648.jpg,class08
class08/image_0643.jpg,class08
class08/image_0649.jpg,class08
class08/image_0654.jpg,class08
class08/image_0653.jpg,class08
class08/image_0651.jpg,class08
class08/image_0652.jpg,class08
class08/image_0650.jpg,class08
class08/image_0660.jpg,class08
class08/image_0659.jpg,class08
class08/image_0656.jpg,class08
class08/image_0655.jpg,class08
class08/image_0657.jpg,class08
class08/image_0658.jpg,class08
class08/image_0666.jpg,class08
class08/image_0663.jpg,class08
class08/image_0662.jpg,class08
class08/image_0665.jpg,class08
class08/image_0661.jpg,class08
class08/image_0664.jpg,class08
class08/image_0667.jpg,class08
class08/image_0670.jpg,class08
class08/image_0669.jpg,class08
class08/image_0668.jpg,class08
class08/image_0671.jpg,class08
class08/image_0674.jpg,class08
class08/image_0675.jpg,class08
class08/image_0677.jpg,class08
class08/image_0676.jpg,class08
class08/image_0672.jpg,class08
class08/image_0673.jpg,class08
class08/image_0680.jpg,class08
class08/image_0682.jpg,class08
class08/image_0678.jpg,class08
class08/image_0679.jpg,class08
class08/image_0681.jpg,class08
class08/image_0687.jpg,class08
class08/image_0684.jpg,class08
class08/image_0683.jpg,class08
class08/image_0686.jpg,class08
class08/image_0685.jpg,class08
class08/image_0692.jpg,class08
class08/image_0688.jpg,class08
class08/image_0689.jpg,class08
class08/image_0690.jpg,class08
class08/image_0693.jpg,class08
class08/image_0691.jpg,class08
class08/image_0695.jpg,class08
class08/image_0698.jpg,class08
class08/image_0696.jpg,class08
class08/image_0694.jpg,class08
class08/image_0697.jpg,class08
class08/image_0704.jpg,class08
class08/image_0702.jpg,class08
class08/image_0701.jpg,class08
class08/image_0700.jpg,class08
class08/image_0699.jpg,class08
class08/image_0703.jpg,class08
class08/image_0709.jpg,class08
class08/image_0708.jpg,class08
class08/image_0707.jpg,class08
class08/image_0706.jpg,class08
class08/image_0705.jpg,class08
class08/image_0715.jpg,class08
class08/image_0712.jpg,class08
class08/image_0710.jpg,class08
class08/image_0711.jpg,class08
class08/image_0714.jpg,class08
class08/image_0713.jpg,class08
class08/image_0717.jpg,class08
class08/image_0719.jpg,class08
class08/image_0720.jpg,class08
class08/image_0718.jpg,class08
class08/image_0716.jpg,class08
class09/image_0725.jpg,class09
class09/image_0724.jpg,class09
class09/image_0722.jpg,class09
class09/image_0721.jpg,class09
class09/image_0723.jpg,class09
class09/image_0728.jpg,class09
class09/image_0729.jpg,class09
class09/image_0727.jpg,class09
class09/image_0731.jpg,class09
class09/image_0730.jpg,class09
class09/image_0726.jpg,class09
class09/image_0736.jpg,class09
class09/image_0732.jpg,class09
class09/image_0733.jpg,class09
class09/image_0737.jpg,class09
class09/image_0735.jpg,class09
class09/image_0734.jpg,class09
class09/image_0742.jpg,class09
class09/image_0741.jpg,class09
class09/image_0739.jpg,class09
class09/image_0740.jpg,class09
class09/image_0738.jpg,class09
class09/image_0746.jpg,class09
class09/image_0745.jpg,class09
class09/image_0744.jpg,class09
class09/image_0748.jpg,class09
class09/image_0743.jpg,class09
class09/image_0747.jpg,class09
class09/image_0753.jpg,class09
class09/image_0754.jpg,class09
class09/image_0751.jpg,class09
class09/image_0749.jpg,class09
class09/image_0752.jpg,class09
class09/image_0750.jpg,class09
class09/image_0756.jpg,class09
class09/image_0755.jpg,class09
class09/image_0760.jpg,class09
class09/image_0757.jpg,class09
class09/image_0759.jpg,class09
class09/image_0758.jpg,class09
class09/image_0764.jpg,class09
class09/image_0762.jpg,class09
class09/image_0763.jpg,class09
class09/image_0761.jpg,class09
class09/image_0765.jpg,class09
class09/image_0767.jpg,class09
class09/image_0771.jpg,class09
class09/image_0768.jpg,class09
class09/image_0769.jpg,class09
class09/image_0770.jpg,class09
class09/image_0766.jpg,class09
class09/image_0774.jpg,class09
class09/image_0777.jpg,class09
class09/image_0776.jpg,class09
class09/image_0773.jpg,class09
class09/image_0775.jpg,class09
class09/image_0772.jpg,class09
class09/image_0782.jpg,class09
class09/image_0780.jpg,class09
class09/image_0779.jpg,class09
class09/image_0778.jpg,class09
class09/image_0781.jpg,class09
class09/image_0783.jpg,class09
class09/image_0787.jpg,class09
class09/image_0784.jpg,class09
class09/image_0785.jpg,class09
class09/image_0786.jpg,class09
class09/image_0790.jpg,class09
class09/image_0788.jpg,class09
class09/image_0789.jpg,class09
class09/image_0791.jpg,class09
class09/image_0792.jpg,class09
class09/image_0794.jpg,class09
class09/image_0793.jpg,class09
class09/image_0796.jpg,class09
class09/image_0795.jpg,class09
class09/image_0799.jpg,class09
class09/image_0797.jpg,class09
class09/image_0800.jpg,class09
class09/image_0798.jpg,class09
class10/image_0801.jpg,class10
class10/image_0804.jpg,class10
class10/image_0806.jpg,class10
class10/image_0802.jpg,class10
class10/image_0803.jpg,class10
class10/image_0805.jpg,class10
class10/image_0809.jpg,class10
class10/image_0811.jpg,class10
class10/image_0807.jpg,class10
class10/image_0808.jpg,class10
class10/image_0810.jpg,class10
class10/image_0815.jpg,class10
class10/image_0814.jpg,class10
class10/image_0813.jpg,class10
class10/image_0816.jpg,class10
class10/image_0817.jpg,class10
class10/image_0812.jpg,class10
class10/image_0821.jpg,class10
class10/image_0822.jpg,class10
class10/image_0819.jpg,class10
class10/image_0818.jpg,class10
class10/image_0823.jpg,class10
class10/image_0820.jpg,class10
class10/image_0826.jpg,class10
class10/image_0829.jpg,class10
class10/image_0824.jpg,class10
class10/image_0828.jpg,class10
class10/image_0827.jpg,class10
class10/image_0825.jpg,class10
class10/image_0832.jpg,class10
class10/image_0833.jpg,class10
class10/image_0830.jpg,class10
class10/image_0831.jpg,class10
class10/image_0834.jpg,class10
class10/image_0835.jpg,class10
class10/image_0839.jpg,class10
class10/image_0836.jpg,class10
class10/image_0838.jpg,class10
class10/image_0837.jpg,class10
class10/image_0842.jpg,class10
class10/image_0844.jpg,class10
class10/image_0841.jpg,class10
class10/image_0840.jpg,class10
class10/image_0843.jpg,class10
class10/image_0849.jpg,class10
class10/image_0847.jpg,class10
class10/image_0850.jpg,class10
class10/image_0846.jpg,class10
class10/image_0848.jpg,class10
class10/image_0845.jpg,class10
class10/image_0853.jpg,class10
class10/image_0854.jpg,class10
class10/image_0851.jpg,class10
class10/image_0855.jpg,class10
class10/image_0852.jpg,class10
class10/image_0860.jpg,class10
class10/image_0856.jpg,class10
class10/image_0857.jpg,class10
class10/image_0858.jpg,class10
class10/image_0859.jpg,class10
class10/image_0861.jpg,class10
class10/image_0865.jpg,class10
class10/image_0863.jpg,class10
class10/image_0864.jpg,class10
class10/image_0862.jpg,class10
class10/image_0868.jpg,class10
class10/image_0870.jpg,class10
class10/image_0867.jpg,class10
class10/image_0869.jpg,class10
class10/image_0866.jpg,class10
class10/image_0875.jpg,class10
class10/image_0873.jpg,class10
class10/image_0871.jpg,class10
class10/image_0872.jpg,class10
class10/image_0874.jpg,class10
class10/image_0879.jpg,class10
class10/image_0877.jpg,class10
class10/image_0878.jpg,class10
class10/image_0876.jpg,class10
class10/image_0880.jpg,class10
class11/image_0881.jpg,class11
class11/image_0883.jpg,class11
class11/image_0882.jpg,class11
class11/image_0884.jpg,class11
class11/image_0885.jpg,class11
class11/image_0889.jpg,class11
class11/image_0887.jpg,class11
class11/image_0886.jpg,class11
class11/image_0891.jpg,class11
class11/image_0888.jpg,class11
class11/image_0890.jpg,class11
class11/image_0894.jpg,class11
class11/image_0893.jpg,class11
class11/image_0895.jpg,class11
class11/image_0892.jpg,class11
class11/image_0896.jpg,class11
class11/image_0901.jpg,class11
class11/image_0899.jpg,class11
class11/image_0900.jpg,class11
class11/image_0898.jpg,class11
class11/image_0897.jpg,class11
class11/image_0903.jpg,class11
class11/image_0904.jpg,class11
class11/image_0906.jpg,class11
class11/image_0902.jpg,class11
class11/image_0905.jpg,class11
class11/image_0910.jpg,class11
class11/image_0908.jpg,class11
class11/image_0911.jpg,class11
class11/image_0909.jpg,class11
class11/image_0907.jpg,class11
class11/image_0912.jpg,class11
class11/image_0918.jpg,class11
class11/image_0916.jpg,class11
class11/image_0917.jpg,class11
class11/image_0914.jpg,class11
class11/image_0913.jpg,class11
class11/image_0915.jpg,class11
class11/image_0922.jpg,class11
class11/image_0923.jpg,class11
class11/image_0920.jpg,class11
class11/image_0919.jpg,class11
class11/image_0921.jpg,class11
class11/image_0927.jpg,class11
class11/image_0925.jpg,class11
class11/image_0926.jpg,class11
class11/image_0924.jpg,class11
class11/image_0928.jpg,class11
class11/image_0932.jpg,class11
class11/image_0929.jpg,class11
class11/image_0931.jpg,class11
class11/image_0930.jpg,class11
class11/image_0933.jpg,class11
class11/image_0934.jpg,class11
class11/image_0938.jpg,class11
class11/image_0936.jpg,class11
class11/image_0935.jpg,class11
class11/image_0937.jpg,class11
class11/image_0940.jpg,class11
class11/image_0939.jpg,class11
class11/image_0941.jpg,class11
class11/image_0943.jpg,class11
class11/image_0942.jpg,class11
class11/image_0944.jpg,class11
class11/image_0948.jpg,class11
class11/image_0945.jpg,class11
class11/image_0947.jpg,class11
class11/image_0949.jpg,class11
class11/image_0946.jpg,class11
class11/image_0950.jpg,class11
class11/image_0953.jpg,class11
class11/image_0952.jpg,class11
class11/image_0951.jpg,class11
class11/image_0955.jpg,class11
class11/image_0956.jpg,class11
class11/image_0957.jpg,class11
class11/image_0958.jpg,class11
class11/image_0954.jpg,class11
class11/image_0960.jpg,class11
class11/image_0959.jpg,class11
class12/image_0961.jpg,class12
class12/image_0963.jpg,class12
class12/image_0962.jpg,class12
class12/image_0966.jpg,class12
class12/image_0967.jpg,class12
class12/image_0968.jpg,class12
class12/image_0964.jpg,class12
class12/image_0965.jpg,class12
class12/image_0972.jpg,class12
class12/image_0971.jpg,class12
class12/image_0969.jpg,class12
class12/image_0973.jpg,class12
class12/image_0970.jpg,class12
class12/image_0976.jpg,class12
class12/image_0974.jpg,class12
class12/image_0975.jpg,class12
class12/image_0977.jpg,class12
class12/image_0978.jpg,class12
class12/image_0980.jpg,class12
class12/image_0979.jpg,class12
class12/image_0982.jpg,class12
class12/image_0981.jpg,class12
class12/image_0983.jpg,class12
class12/image_0984.jpg,class12
class12/image_0989.jpg,class12
class12/image_0985.jpg,class12
class12/image_0986.jpg,class12
class12/image_0987.jpg,class12
class12/image_0988.jpg,class12
class12/image_0995.jpg,class12
class12/image_0993.jpg,class12
class12/image_0992.jpg,class12
class12/image_0991.jpg,class12
class12/image_0990.jpg,class12
class12/image_0994.jpg,class12
class12/image_0997.jpg,class12
class12/image_0999.jpg,class12
class12/image_0998.jpg,class12
class12/image_1000.jpg,class12
class12/image_0996.jpg,class12
class12/image_1005.jpg,class12
class12/image_1004.jpg,class12
class12/image_1006.jpg,class12
class12/image_1002.jpg,class12
class12/image_1003.jpg,class12
class12/image_1001.jpg,class12
class12/image_1010.jpg,class12
class12/image_1008.jpg,class12
class12/image_1011.jpg,class12
class12/image_1007.jpg,class12
class12/image_1009.jpg,class12
class12/image_1016.jpg,class12
class12/image_1015.jpg,class12
class12/image_1013.jpg,class12
class12/image_1012.jpg,class12
class12/image_1014.jpg,class12
class12/image_1021.jpg,class12
class12/image_1020.jpg,class12
class12/image_1022.jpg,class12
class12/image_1017.jpg,class12
class12/image_1019.jpg,class12
class12/image_1018.jpg,class12
class12/image_1026.jpg,class12
class12/image_1023.jpg,class12
class12/image_1024.jpg,class12
class12/image_1027.jpg,class12
class12/image_1028.jpg,class12
class12/image_1025.jpg,class12
class12/image_1030.jpg,class12
class12/image_1033.jpg,class12
class12/image_1032.jpg,class12
class12/image_1029.jpg,class12
class12/image_1031.jpg,class12
class12/image_1036.jpg,class12
class12/image_1035.jpg,class12
class12/image_1037.jpg,class12
class12/image_1034.jpg,class12
class12/image_1038.jpg,class12
class12/image_1039.jpg,class12
class12/image_1040.jpg,class12
class13/image_1041.jpg,class13
class13/image_1042.jpg,class13
class13/image_1044.jpg,class13
class13/image_1046.jpg,class13
class13/image_1047.jpg,class13
class13/image_1045.jpg,class13
class13/image_1048.jpg,class13
class13/image_1043.jpg,class13
class13/image_1053.jpg,class13
class13/image_1052.jpg,class13
class13/image_1051.jpg,class13
class13/image_1050.jpg,class13
class13/image_1049.jpg,class13
class13/image_1055.jpg,class13
class13/image_1057.jpg,class13
class13/image_1056.jpg,class13
class13/image_1054.jpg,class13
class13/image_1058.jpg,class13
class13/image_1059.jpg,class13
class13/image_1065.jpg,class13
class13/image_1062.jpg,class13
class13/image_1060.jpg,class13
class13/image_1064.jpg,class13
class13/image_1063.jpg,class13
class13/image_1061.jpg,class13
class13/image_1069.jpg,class13
class13/image_1068.jpg,class13
class13/image_1070.jpg,class13
class13/image_1066.jpg,class13
class13/image_1067.jpg,class13
class13/image_1074.jpg,class13
class13/image_1073.jpg,class13
class13/image_1075.jpg,class13
class13/image_1071.jpg,class13
class13/image_1072.jpg,class13
class13/image_1076.jpg,class13
class13/image_1078.jpg,class13
class13/image_1077.jpg,class13
class13/image_1080.jpg,class13
class13/image_1079.jpg,class13
class13/image_1081.jpg,class13
class13/image_1082.jpg,class13
class13/image_1085.jpg,class13
class13/image_1083.jpg,class13
class13/image_1084.jpg,class13
class13/image_1086.jpg,class13
class13/image_1087.jpg,class13
class13/image_1088.jpg,class13
class13/image_1090.jpg,class13
class13/image_1089.jpg,class13
class13/image_1092.jpg,class13
class13/image_1095.jpg,class13
class13/image_1093.jpg,class13
class13/image_1094.jpg,class13
class13/image_1091.jpg,class13
class13/image_1100.jpg,class13
class13/image_1099.jpg,class13
class13/image_1098.jpg,class13
class13/image_1097.jpg,class13
class13/image_1096.jpg,class13
class13/image_1101.jpg,class13
class13/image_1105.jpg,class13
class13/image_1102.jpg,class13
class13/image_1106.jpg,class13
class13/image_1103.jpg,class13
class13/image_1104.jpg,class13
class13/image_1111.jpg,class13
class13/image_1108.jpg,class13
class13/image_1110.jpg,class13
class13/image_1107.jpg,class13
class13/image_1109.jpg,class13
class13/image_1112.jpg,class13
class13/image_1113.jpg,class13
class13/image_1114.jpg,class13
class13/image_1115.jpg,class13
class13/image_1117.jpg,class13
class13/image_1116.jpg,class13
class13/image_1119.jpg,class13
class13/image_1120.jpg,class13
class13/image_1118.jpg,class13
class14/image_1121.jpg,class14
class14/image_1125.jpg,class14
class14/image_1124.jpg,class14
class14/image_1122.jpg,class14
class14/image_1126.jpg,class14
class14/image_1123.jpg,class14
class14/image_1129.jpg,class14
class14/image_1132.jpg,class14
class14/image_1127.jpg,class14
class14/image_1131.jpg,class14
class14/image_1130.jpg,class14
class14/image_1128.jpg,class14
class14/image_1136.jpg,class14
class14/image_1137.jpg,class14
class14/image_1135.jpg,class14
class14/image_1134.jpg,class14
class14/image_1133.jpg,class14
class14/image_1143.jpg,class14
class14/image_1141.jpg,class14
class14/image_1140.jpg,class14
class14/image_1138.jpg,class14
class14/image_1142.jpg,class14
class14/image_1139.jpg,class14
class14/image_1146.jpg,class14
class14/image_1144.jpg,class14
class14/image_1147.jpg,class14
class14/image_1149.jpg,class14
class14/image_1145.jpg,class14
class14/image_1148.jpg,class14
class14/image_1155.jpg,class14
class14/image_1151.jpg,class14
class14/image_1154.jpg,class14
class14/image_1152.jpg,class14
class14/image_1150.jpg,class14
class14/image_1153.jpg,class14
class14/image_1162.jpg,class14
class14/image_1159.jpg,class14
class14/image_1157.jpg,class14
class14/image_1160.jpg,class14
class14/image_1161.jpg,class14
class14/image_1156.jpg,class14
class14/image_1158.jpg,class14
class14/image_1164.jpg,class14
class14/image_1163.jpg,class14
class14/image_1165.jpg,class14
class14/image_1166.jpg,class14
class14/image_1171.jpg,class14
class14/image_1168.jpg,class14
class14/image_1169.jpg,class14
class14/image_1173.jpg,class14
class14/image_1170.jpg,class14
class14/image_1172.jpg,class14
class14/image_1176.jpg,class14
class14/image_1175.jpg,class14
class14/image_1174.jpg,class14
class14/image_1177.jpg,class14
class14/image_1179.jpg,class14
class14/image_1178.jpg,class14
class14/image_1183.jpg,class14
class14/image_1180.jpg,class14
class14/image_1181.jpg,class14
class14/image_1182.jpg,class14
class14/image_1186.jpg,class14
class14/image_1184.jpg,class14
class14/image_1187.jpg,class14
class14/image_1188.jpg,class14
class14/image_1185.jpg,class14
class14/image_1189.jpg,class14
class14/image_1191.jpg,class14
class14/image_1190.jpg,class14
class14/image_1192.jpg,class14
class14/image_1193.jpg,class14
class14/image_1195.jpg,class14
class14/image_1198.jpg,class14
class14/image_1197.jpg,class14
class14/image_1196.jpg,class14
class14/image_1194.jpg,class14
class14/image_1199.jpg,class14
class14/image_1200.jpg,class14
class14/image_1167.jpg,class14
class15/image_1203.jpg,class15
class15/image_1201.jpg,class15
class15/image_1204.jpg,class15
class15/image_1202.jpg,class15
class15/image_1207.jpg,class15
class15/image_1209.jpg,class15
class15/image_1206.jpg,class15
class15/image_1205.jpg,class15
class15/image_1208.jpg,class15
class15/image_1215.jpg,class15
class15/image_1212.jpg,class15
class15/image_1211.jpg,class15
class15/image_1214.jpg,class15
class15/image_1210.jpg,class15
class15/image_1213.jpg,class15
class15/image_1217.jpg,class15
class15/image_1220.jpg,class15
class15/image_1218.jpg,class15
class15/image_1221.jpg,class15
class15/image_1219.jpg,class15
class15/image_1216.jpg,class15
class15/image_1224.jpg,class15
class15/image_1226.jpg,class15
class15/image_1222.jpg,class15
class15/image_1223.jpg,class15
class15/image_1225.jpg,class15
class15/image_1228.jpg,class15
class15/image_1229.jpg,class15
class15/image_1227.jpg,class15
class15/image_1230.jpg,class15
class15/image_1232.jpg,class15
class15/image_1231.jpg,class15
class15/image_1236.jpg,class15
class15/image_1235.jpg,class15
class15/image_1233.jpg,class15
class15/image_1237.jpg,class15
class15/image_1234.jpg,class15
class15/image_1240.jpg,class15
class15/image_1238.jpg,class15
class15/image_1242.jpg,class15
class15/image_1241.jpg,class15
class15/image_1239.jpg,class15
class15/image_1248.jpg,class15
class15/image_1245.jpg,class15
class15/image_1244.jpg,class15
class15/image_1246.jpg,class15
class15/image_1243.jpg,class15
class15/image_1247.jpg,class15
class15/image_1250.jpg,class15
class15/image_1251.jpg,class15
class15/image_1252.jpg,class15
class15/image_1249.jpg,class15
class15/image_1254.jpg,class15
class15/image_1253.jpg,class15
class15/image_1256.jpg,class15
class15/image_1257.jpg,class15
class15/image_1255.jpg,class15
class15/image_1262.jpg,class15
class15/image_1258.jpg,class15
class15/image_1259.jpg,class15
class15/image_1260.jpg,class15
class15/image_1261.jpg,class15
class15/image_1267.jpg,class15
class15/image_1264.jpg,class15
class15/image_1265.jpg,class15
class15/image_1263.jpg,class15
class15/image_1266.jpg,class15
class15/image_1268.jpg,class15
class15/image_1272.jpg,class15
class15/image_1270.jpg,class15
class15/image_1269.jpg,class15
class15/image_1271.jpg,class15
class15/image_1274.jpg,class15
class15/image_1275.jpg,class15
class15/image_1276.jpg,class15
class15/image_1273.jpg,class15
class15/image_1278.jpg,class15
class15/image_1277.jpg,class15
class15/image_1280.jpg,class15
class15/image_1279.jpg,class15
class16/image_1283.jpg,class16
class16/image_1282.jpg,class16
class16/image_1281.jpg,class16
class16/image_1287.jpg,class16
class16/image_1286.jpg,class16
class16/image_1284.jpg,class16
class16/image_1285.jpg,class16
class16/image_1289.jpg,class16
class16/image_1288.jpg,class16
class16/image_1290.jpg,class16
class16/image_1294.jpg,class16
class16/image_1293.jpg,class16
class16/image_1291.jpg,class16
class16/image_1292.jpg,class16
class16/image_1298.jpg,class16
class16/image_1296.jpg,class16
class16/image_1295.jpg,class16
class16/image_1297.jpg,class16
class16/image_1302.jpg,class16
class16/image_1303.jpg,class16
class16/image_1304.jpg,class16
class16/image_1301.jpg,class16
class16/image_1300.jpg,class16
class16/image_1305.jpg,class16
class16/image_1306.jpg,class16
class16/image_1308.jpg,class16
class16/image_1310.jpg,class16
class16/image_1309.jpg,class16
class16/image_1307.jpg,class16
class16/image_1316.jpg,class16
class16/image_1311.jpg,class16
class16/image_1312.jpg,class16
class16/image_1315.jpg,class16
class16/image_1314.jpg,class16
class16/image_1313.jpg,class16
class16/image_1319.jpg,class16
class16/image_1317.jpg,class16
class16/image_1320.jpg,class16
class16/image_1318.jpg,class16
class16/image_1321.jpg,class16
class16/image_1322.jpg,class16
class16/image_1324.jpg,class16
class16/image_1327.jpg,class16
class16/image_1326.jpg,class16
class16/image_1323.jpg,class16
class16/image_1325.jpg,class16
class16/image_1328.jpg,class16
class16/image_1332.jpg,class16
class16/image_1330.jpg,class16
class16/image_1331.jpg,class16
class16/image_1329.jpg,class16
class16/image_1334.jpg,class16
class16/image_1337.jpg,class16
class16/image_1335.jpg,class16
class16/image_1333.jpg,class16
class16/image_1336.jpg,class16
class16/image_1341.jpg,class16
class16/image_1338.jpg,class16
class16/image_1340.jpg,class16
class16/image_1339.jpg,class16
class16/image_1344.jpg,class16
class16/image_1346.jpg,class16
class16/image_1343.jpg,class16
class16/image_1347.jpg,class16
class16/image_1342.jpg,class16
class16/image_1345.jpg,class16
class16/image_1351.jpg,class16
class16/image_1348.jpg,class16
class16/image_1352.jpg,class16
class16/image_1349.jpg,class16
class16/image_1350.jpg,class16
class16/image_1355.jpg,class16
class16/image_1356.jpg,class16
class16/image_1353.jpg,class16
class16/image_1354.jpg,class16
class16/image_1359.jpg,class16
class16/image_1360.jpg,class16
class16/image_1299.jpg,class16
class16/image_1357.jpg,class16
class16/image_1358.jpg,class16